ISO,Consumption_CEPH,eventCEPH,trialCEPH,year,Log_Con_CEPH,year0,ID,Pred,StdErrPred,DF,tValue,Probt,Alpha,Lower,Upper
AT,0.19349,11,464,14.5,-1.637374531,0,1,-0.181060365,0.0692973559,25,-2.612803371,0.0149808768,0.05,-0.323780941,-0.038339789
AT,0.213536949,11,487,15.5,-1.5392733,1,1,-0.181060365,0.0692973559,25,-2.612803371,0.0149808768,0.05,-0.323780941,-0.038339789
AT,0.22252534,10,685,16.5,-1.498230494,2,1,-0.181060365,0.0692973559,25,-2.612803371,0.0149808768,0.05,-0.323780941,-0.038339789
AT,0.228560595,10,711,17.5,-1.471588254,3,1,-0.181060365,0.0692973559,25,-2.612803371,0.0149808768,0.05,-0.323780941,-0.038339789
AT,0.231738564,5,524,18.5,-1.457839499,4,1,-0.181060365,0.0692973559,25,-2.612803371,0.0149808768,0.05,-0.323780941,-0.038339789
AT,0.237990005,5,514,19.5,-1.431333549,5,1,-0.181060365,0.0692973559,25,-2.612803371,0.0149808768,0.05,-0.323780941,-0.038339789
AT,0.243468575,5,515,20.5,-1.408668505,6,1,-0.181060365,0.0692973559,25,-2.612803371,0.0149808768,0.05,-0.323780941,-0.038339789
BE,0.44961,12,540,14.5,-0.797153059,0,2,-0.0358088,0.0419932898,25,-0.85272671,0.4019068192,0.05,-0.122295599,0.0506779995
BE,0.362964278,6,533,15.5,-1.010699555,1,2,-0.0358088,0.0419932898,25,-0.85272671,0.4019068192,0.05,-0.122295599,0.0506779995
BE,0.2018037,32,513,16.5,-1.595516763,2,2,-0.0358088,0.0419932898,25,-0.85272671,0.4019068192,0.05,-0.122295599,0.0506779995
BE,0.093441172,46,508,17.5,-2.359778155,3,2,-0.0358088,0.0419932898,25,-0.85272671,0.4019068192,0.05,-0.122295599,0.0506779995
BE,0.080983029,18,493,18.5,-2.501243023,4,2,-0.0358088,0.0419932898,25,-0.85272671,0.4019068192,0.05,-0.122295599,0.0506779995
BE,0.080090635,13,607,19.5,-2.512187806,5,2,-0.0358088,0.0419932898,25,-0.85272671,0.4019068192,0.05,-0.122295599,0.0506779995
BE,0.076453797,10,603,20.5,-2.558073688,6,2,-0.0358088,0.0419932898,25,-0.85272671,0.4019068192,0.05,-0.122295599,0.0506779995
BG,0.151113605,2,132,15.5,-1.883127636,1,3,-0.140406964,0.1256652009,25,-1.11730983,0.2744849285,0.05,-0.39921929,0.1184053617
BG,0.095058388,3,212,16.5,-2.342799068,2,3,-0.140406964,0.1256652009,25,-1.11730983,0.2744849285,0.05,-0.39921929,0.1184053617
BG,0.089474916,4,201,17.5,-2.402682637,3,3,-0.140406964,0.1256652009,25,-1.11730983,0.2744849285,0.05,-0.39921929,0.1184053617
BG,0.092998679,4,204,18.5,-2.364474547,4,3,-0.140406964,0.1256652009,25,-1.11730983,0.2744849285,0.05,-0.39921929,0.1184053617
BG,0.101783387,1,204,19.5,-2.275131546,5,3,-0.140406964,0.1256652009,25,-1.11730983,0.2744849285,0.05,-0.39921929,0.1184053617
BG,0.146936068,2,200,20.5,-1.91097507,6,3,-0.140406964,0.1256652009,25,-1.11730983,0.2744849285,0.05,-0.39921929,0.1184053617
CY,0.45938,17,142,14.5,-0.775703044,0,4,-0.277467116,0.0869102536,25,-3.192570551,0.0037842214,0.05,-0.456462134,-0.098472098
CY,0.405965514,7,140,15.5,-0.899026829,1,4,-0.277467116,0.0869102536,25,-3.192570551,0.0037842214,0.05,-0.456462134,-0.098472098
CY,0.417124459,1,142,16.5,-0.871976141,2,4,-0.277467116,0.0869102536,25,-3.192570551,0.0037842214,0.05,-0.456462134,-0.098472098
CY,0.337034786,3,158,17.5,-1.084606471,3,4,-0.277467116,0.0869102536,25,-3.192570551,0.0037842214,0.05,-0.456462134,-0.098472098
CY,0.37108584,2,135,18.5,-0.9886307,4,4,-0.277467116,0.0869102536,25,-3.192570551,0.0037842214,0.05,-0.456462134,-0.098472098
CY,0.372392986,2,133,19.5,-0.985123833,5,4,-0.277467116,0.0869102536,25,-3.192570551,0.0037842214,0.05,-0.456462134,-0.098472098
CY,0.343978996,6,121,20.5,-1.064271745,6,4,-0.277467116,0.0869102536,25,-3.192570551,0.0037842214,0.05,-0.456462134,-0.098472098
CZ,0.40731,7,383,14.5,-0.895728589,0,5,-0.122899719,0.0764759173,25,-1.607038186,0.1206042346,0.05,-0.28040482,0.0346053806
CZ,0.410798297,6,414,15.5,-0.887221621,1,5,-0.122899719,0.0764759173,25,-1.607038186,0.1206042346,0.05,-0.28040482,0.0346053806
CZ,0.43681601,8,407,16.5,-0.825956526,2,5,-0.122899719,0.0764759173,25,-1.607038186,0.1206042346,0.05,-0.28040482,0.0346053806
CZ,0.497336382,6,369,17.5,-0.696479964,3,5,-0.122899719,0.0764759173,25,-1.607038186,0.1206042346,0.05,-0.28040482,0.0346053806
CZ,0.530268671,4,502,18.5,-0.632487415,4,5,-0.122899719,0.0764759173,25,-1.607038186,0.1206042346,0.05,-0.28040482,0.0346053806
CZ,0.536012282,4,508,19.5,-0.621734313,5,5,-0.122899719,0.0764759173,25,-1.607038186,0.1206042346,0.05,-0.28040482,0.0346053806
CZ,0.513927723,5,373,20.5,-0.663728732,6,5,-0.122899719,0.0764759173,25,-1.607038186,0.1206042346,0.05,-0.28040482,0.0346053806
DE,0.41305,23,800,14.5,-0.88176854,0,6,-0.093788126,0.0433629507,25,-2.162863098,0.0403152075,0.05,-0.183095794,-0.004480457
DE,0.395618513,22,768,15.5,-0.924780385,1,6,-0.093788126,0.0433629507,25,-2.162863098,0.0403152075,0.05,-0.183095794,-0.004480457
DE,0.385563143,17,834,16.5,-0.950460052,2,6,-0.093788126,0.0433629507,25,-2.162863098,0.0403152075,0.05,-0.183095794,-0.004480457
DE,0.293037868,18,882,17.5,-1.224046719,3,6,-0.093788126,0.0433629507,25,-2.162863098,0.0403152075,0.05,-0.183095794,-0.004480457
DE,0.177330894,25,876,18.5,-1.724114502,4,6,-0.093788126,0.0433629507,25,-2.162863098,0.0403152075,0.05,-0.183095794,-0.004480457
DE,0.154357724,27,890,19.5,-1.862024923,5,6,-0.093788126,0.0433629507,25,-2.162863098,0.0403152075,0.05,-0.183095794,-0.004480457
DE,0.149538031,4,820,20.5,-1.893539528,6,6,-0.093788126,0.0433629507,25,-2.162863098,0.0403152075,0.05,-0.183095794,-0.004480457
DK,0.01332,0,509,14.5,-4.246098117,0,7,0.207526978,0.187257767,25,1.1082422981,0.2783056932,0.05,-0.178137612,0.5931915683
DK,0.007595595,0,504,15.5,-4.756505391,1,7,0.207526978,0.187257767,25,1.1082422981,0.2783056932,0.05,-0.178137612,0.5931915683
DK,0.006919882,0,539,16.5,-4.838378972,2,7,0.207526978,0.187257767,25,1.1082422981,0.2783056932,0.05,-0.178137612,0.5931915683
DK,0.006357585,0,519,17.5,-4.912023597,3,7,0.207526978,0.187257767,25,1.1082422981,0.2783056932,0.05,-0.178137612,0.5931915683
DK,0.004983005,0,528,18.5,-5.118832298,4,7,0.207526978,0.187257767,25,1.1082422981,0.2783056932,0.05,-0.178137612,0.5931915683
DK,0.00248283,0,534,19.5,-5.659910135,5,7,0.207526978,0.187257767,25,1.1082422981,0.2783056932,0.05,-0.178137612,0.5931915683
DK,0.000641789,5,346,20.5,-6.411968774,6,7,0.207526978,0.187257767,25,1.1082422981,0.2783056932,0.05,-0.178137612,0.5931915683
EE,0.6203,2,156,14.5,-0.475941222,0,8,-0.02030292,0.121766444,25,-0.166736579,0.8689185966,0.05,-0.271085606,0.2304797654
EE,0.670478056,2,158,15.5,-0.398273942,1,8,-0.02030292,0.121766444,25,-0.166736579,0.8689185966,0.05,-0.271085606,0.2304797654
EE,0.777400696,0,140,16.5,-0.250513854,2,8,-0.02030292,0.121766444,25,-0.166736579,0.8689185966,0.05,-0.271085606,0.2304797654
EE,0.869471687,0,152,17.5,-0.138720046,3,8,-0.02030292,0.121766444,25,-0.166736579,0.8689185966,0.05,-0.271085606,0.2304797654
EE,0.840189523,2,156,18.5,-0.17293829,4,8,-0.02030292,0.121766444,25,-0.166736579,0.8689185966,0.05,-0.271085606,0.2304797654
EE,0.734912535,2,153,19.5,-0.306644005,5,8,-0.02030292,0.121766444,25,-0.166736579,0.8689185966,0.05,-0.271085606,0.2304797654
EE,0.618002934,3,225,20.5,-0.479645266,6,8,-0.02030292,0.121766444,25,-0.166736579,0.8689185966,0.05,-0.271085606,0.2304797654
EL,0.09566807,11,286,15.5,-2.336472132,1,9,-0.351302589,0.1188435879,25,-2.956007938,0.0067096303,0.05,-0.59606554,-0.106539638
EL,0.105472418,5,340,16.5,-2.239869312,2,9,-0.351302589,0.1188435879,25,-2.956007938,0.0067096303,0.05,-0.59606554,-0.106539638
EL,0.122691839,2,340,17.5,-2.089961974,3,9,-0.351302589,0.1188435879,25,-2.956007938,0.0067096303,0.05,-0.59606554,-0.106539638
EL,0.108626621,3,316,18.5,-2.210675046,4,9,-0.351302589,0.1188435879,25,-2.956007938,0.0067096303,0.05,-0.59606554,-0.106539638
EL,0.14085945,3,316,19.5,-1.952918503,5,9,-0.351302589,0.1188435879,25,-2.956007938,0.0067096303,0.05,-0.59606554,-0.106539638
EL,0.203297598,1,243,20.5,-1.588177536,6,9,-0.351302589,0.1188435879,25,-2.956007938,0.0067096303,0.05,-0.59606554,-0.106539638
ES,0.32055,19,679,14.5,-1.134602226,0,10,-0.112797404,0.0459820785,25,-2.453073192,0.0214834277,0.05,-0.207499267,-0.018095541
ES,0.305118489,16,679,15.5,-1.183783033,1,10,-0.112797404,0.0459820785,25,-2.453073192,0.0214834277,0.05,-0.207499267,-0.018095541
ES,0.266716821,28,677,16.5,-1.317825495,2,10,-0.112797404,0.0459820785,25,-2.453073192,0.0214834277,0.05,-0.207499267,-0.018095541
ES,0.315461502,21,677,17.5,-1.150553683,3,10,-0.112797404,0.0459820785,25,-2.453073192,0.0214834277,0.05,-0.207499267,-0.018095541
ES,0.339658118,15,680,18.5,-1.076875892,4,10,-0.112797404,0.0459820785,25,-2.453073192,0.0214834277,0.05,-0.207499267,-0.018095541
ES,0.322989421,12,680,19.5,-1.127044415,5,10,-0.112797404,0.0459820785,25,-2.453073192,0.0214834277,0.05,-0.207499267,-0.018095541
ES,0.346044048,9,680,20.5,-1.058303566,6,10,-0.112797404,0.0459820785,25,-2.453073192,0.0214834277,0.05,-0.207499267,-0.018095541
FI,0.01494,0,392,14.5,-4.138923606,0,11,-0.07221881,0.149464471,25,-0.483183792,0.633169986,0.05,-0.38004665,0.2356090304
FI,0.010249286,1,401,15.5,-4.487450612,1,11,-0.07221881,0.149464471,25,-0.483183792,0.633169986,0.05,-0.38004665,0.2356090304
FI,0.003660219,1,359,16.5,-5.368692879,2,11,-0.07221881,0.149464471,25,-0.483183792,0.633169986,0.05,-0.38004665,0.2356090304
FI,0.000994665,1,348,17.5,-6.217279179,3,11,-0.07221881,0.149464471,25,-0.483183792,0.633169986,0.05,-0.38004665,0.2356090304
FI,0.00072033,2,347,18.5,-6.365239269,4,11,-0.07221881,0.149464471,25,-0.483183792,0.633169986,0.05,-0.38004665,0.2356090304
FI,0.000460764,1,344,19.5,-6.528796002,5,11,-0.07221881,0.149464471,25,-0.483183792,0.633169986,0.05,-0.38004665,0.2356090304
FI,0.000405966,0,340,20.5,-6.567030763,6,11,-0.07221881,0.149464471,25,-0.483183792,0.633169986,0.05,-0.38004665,0.2356090304
FR,0.24259,13,858,14.5,-1.412268795,0,12,-0.113048431,0.0598916016,25,-1.887550641,0.0707481074,0.05,-0.236397493,0.0103006315
FR,0.131291098,11,764,15.5,-2.022750501,1,12,-0.113048431,0.0598916016,25,-1.887550641,0.0707481074,0.05,-0.236397493,0.0103006315
FR,0.035528865,11,785,16.5,-3.309652505,2,12,-0.113048431,0.0598916016,25,-1.887550641,0.0707481074,0.05,-0.236397493,0.0103006315
FR,0.016032358,9,850,17.5,-4.072640322,3,12,-0.113048431,0.0598916016,25,-1.887550641,0.0707481074,0.05,-0.236397493,0.0103006315
FR,0.016342042,11,776,18.5,-4.054621529,4,12,-0.113048431,0.0598916016,25,-1.887550641,0.0707481074,0.05,-0.236397493,0.0103006315
FR,0.01575319,6,734,19.5,-4.089166564,5,12,-0.113048431,0.0598916016,25,-1.887550641,0.0707481074,0.05,-0.236397493,0.0103006315
FR,0.016211077,6,806,20.5,-4.062202113,6,12,-0.113048431,0.0598916016,25,-1.887550641,0.0707481074,0.05,-0.236397493,0.0103006315
HR,0.15391,1,340,14.5,-1.864910976,0,13,-0.099516422,0.1164396758,25,-0.854660761,0.4008552593,0.05,-0.339328423,0.1402955794
HR,0.171450832,3,255,15.5,-1.757643113,1,13,-0.099516422,0.1164396758,25,-0.854660761,0.4008552593,0.05,-0.339328423,0.1402955794
HR,0.176746699,3,256,16.5,-1.727395783,2,13,-0.099516422,0.1164396758,25,-0.854660761,0.4008552593,0.05,-0.339328423,0.1402955794
HR,0.265439188,1,256,17.5,-1.322609248,3,13,-0.099516422,0.1164396758,25,-0.854660761,0.4008552593,0.05,-0.339328423,0.1402955794
HR,0.310354695,3,254,18.5,-1.16682252,4,13,-0.099516422,0.1164396758,25,-0.854660761,0.4008552593,0.05,-0.339328423,0.1402955794
HR,0.252462299,2,254,19.5,-1.372540188,5,13,-0.099516422,0.1164396758,25,-0.854660761,0.4008552593,0.05,-0.339328423,0.1402955794
HR,0.22114306,0,255,20.5,-1.504433688,6,13,-0.099516422,0.1164396758,25,-0.854660761,0.4008552593,0.05,-0.339328423,0.1402955794
HU,0.31511,9,510,14.5,-1.151665025,0,14,-0.004695285,0.0553176313,25,-0.084878634,0.9330339563,0.05,-0.118624079,0.1092335094
HU,0.400107835,14,510,15.5,-0.913524973,1,14,-0.004695285,0.0553176313,25,-0.084878634,0.9330339563,0.05,-0.118624079,0.1092335094
HU,0.434162075,15,510,16.5,-0.832036732,2,14,-0.004695285,0.0553176313,25,-0.084878634,0.9330339563,0.05,-0.118624079,0.1092335094
HU,0.47056024,8,510,17.5,-0.751708424,3,14,-0.004695285,0.0553176313,25,-0.084878634,0.9330339563,0.05,-0.118624079,0.1092335094
HU,0.494858349,10,510,18.5,-0.701464981,4,14,-0.004695285,0.0553176313,25,-0.084878634,0.9330339563,0.05,-0.118624079,0.1092335094
HU,0.493216174,7,510,19.5,-0.704782259,5,14,-0.004695285,0.0553176313,25,-0.084878634,0.9330339563,0.05,-0.118624079,0.1092335094
HU,0.470107244,16,510,20.5,-0.752669516,6,14,-0.004695285,0.0553176313,25,-0.084878634,0.9330339563,0.05,-0.118624079,0.1092335094
IE,0.12075,4,314,14.5,-2.105785517,0,15,-0.164948543,0.0938779879,25,-1.757052388,0.0911513855,0.05,-0.358293878,0.0283967925
IE,0.120449944,3,317,15.5,-2.108253084,1,15,-0.164948543,0.0938779879,25,-1.757052388,0.0911513855,0.05,-0.358293878,0.0283967925
IE,0.133225589,6,373,16.5,-2.008233392,2,15,-0.164948543,0.0938779879,25,-1.757052388,0.0911513855,0.05,-0.358293878,0.0283967925
IE,0.147723826,6,403,17.5,-1.905664208,3,15,-0.164948543,0.0938779879,25,-1.757052388,0.0911513855,0.05,-0.358293878,0.0283967925
IE,0.142834805,4,370,18.5,-1.939089826,4,15,-0.164948543,0.0938779879,25,-1.757052388,0.0911513855,0.05,-0.358293878,0.0283967925
IE,0.147570022,3,340,19.5,-1.906698907,5,15,-0.164948543,0.0938779879,25,-1.757052388,0.0911513855,0.05,-0.358293878,0.0283967925
IE,0.161857676,0,340,20.5,-1.814878611,6,15,-0.164948543,0.0938779879,25,-1.757052388,0.0911513855,0.05,-0.358293878,0.0283967925
IS,0.001919301,0,162,16.5,-5.836411154,2,16,-0.15659002,0.2035044583,25,-0.769467269,0.4488255623,0.05,-0.575715297,0.2625352578
IS,0.001283291,0,146,17.5,-6.082137612,3,16,-0.15659002,0.2035044583,25,-0.769467269,0.4488255623,0.05,-0.575715297,0.2625352578
IS,0.001405883,0,92,18.5,-6.029838305,4,16,-0.15659002,0.2035044583,25,-0.769467269,0.4488255623,0.05,-0.575715297,0.2625352578
IS,0.001489361,0,99,19.5,-5.99572911,5,16,-0.15659002,0.2035044583,25,-0.769467269,0.4488255623,0.05,-0.575715297,0.2625352578
IS,0.001551889,1,170,20.5,-5.970921528,6,16,-0.15659002,0.2035044583,25,-0.769467269,0.4488255623,0.05,-0.575715297,0.2625352578
IT,0.40232,18,678,14.5,-0.908024987,0,17,-0.166214548,0.0518841306,25,-3.203571997,0.0036835768,0.05,-0.273071915,-0.059357181
IT,0.391026691,18,679,15.5,-0.936425352,1,17,-0.166214548,0.0518841306,25,-3.203571997,0.0036835768,0.05,-0.273071915,-0.059357181
IT,0.390352637,21,681,16.5,-0.93814624,2,17,-0.166214548,0.0518841306,25,-3.203571997,0.0036835768,0.05,-0.273071915,-0.059357181
IT,0.392294304,13,680,17.5,-0.933197083,3,17,-0.166214548,0.0518841306,25,-3.203571997,0.0036835768,0.05,-0.273071915,-0.059357181
IT,0.28940794,10,678,18.5,-1.236468655,4,17,-0.166214548,0.0518841306,25,-3.203571997,0.0036835768,0.05,-0.273071915,-0.059357181
IT,0.178540599,8,678,19.5,-1.717353917,5,17,-0.166214548,0.0518841306,25,-3.203571997,0.0036835768,0.05,-0.273071915,-0.059357181
IT,0.148064172,8,680,20.5,-1.903378382,6,17,-0.166214548,0.0518841306,25,-3.203571997,0.0036835768,0.05,-0.273071915,-0.059357181
LT,0.11483,22,174,14.5,-2.15563168,0,18,-0.270019296,0.0440694001,25,-6.127138007,2.0961069E-6,0.05,-0.360781925,-0.179256668
LT,0.089289657,41,189,15.5,-2.40473237,1,18,-0.270019296,0.0440694001,25,-6.127138007,2.0961069E-6,0.05,-0.360781925,-0.179256668
LT,0.147868682,44,199,16.5,-1.90469069,2,18,-0.270019296,0.0440694001,25,-6.127138007,2.0961069E-6,0.05,-0.360781925,-0.179256668
LT,0.244466838,26,192,17.5,-1.404593419,3,18,-0.270019296,0.0440694001,25,-6.127138007,2.0961069E-6,0.05,-0.360781925,-0.179256668
LT,0.256492554,27,192,18.5,-1.356764476,4,18,-0.270019296,0.0440694001,25,-6.127138007,2.0961069E-6,0.05,-0.360781925,-0.179256668
LT,0.165771399,4,199,19.5,-1.791131276,5,18,-0.270019296,0.0440694001,25,-6.127138007,2.0961069E-6,0.05,-0.360781925,-0.179256668
LT,0.140435334,5,200,20.5,-1.955912669,6,18,-0.270019296,0.0440694001,25,-6.127138007,2.0961069E-6,0.05,-0.360781925,-0.179256668
LV,0.36721,29,297,14.5,-0.999101851,0,19,-0.493362231,0.082568177,25,-5.975210418,3.071383E-6,0.05,-0.663414575,-0.323309888
LV,0.313485293,6,250,15.5,-1.156817967,1,19,-0.493362231,0.082568177,25,-5.975210418,3.071383E-6,0.05,-0.663414575,-0.323309888
LV,0.301920925,8,249,16.5,-1.194283482,2,19,-0.493362231,0.082568177,25,-5.975210418,3.071383E-6,0.05,-0.663414575,-0.323309888
LV,0.367385541,3,349,17.5,-0.998625224,3,19,-0.493362231,0.082568177,25,-5.975210418,3.071383E-6,0.05,-0.663414575,-0.323309888
LV,0.392193545,3,352,18.5,-0.933453307,4,19,-0.493362231,0.082568177,25,-5.975210418,3.071383E-6,0.05,-0.663414575,-0.323309888
LV,0.417921983,2,302,19.5,-0.870070575,5,19,-0.493362231,0.082568177,25,-5.975210418,3.071383E-6,0.05,-0.663414575,-0.323309888
LV,0.433061128,3,302,20.5,-0.834569906,6,19,-0.493362231,0.082568177,25,-5.975210418,3.071383E-6,0.05,-0.663414575,-0.323309888
NL,0.00386,7,968,14.5,-5.326716841,0,20,-0.308151554,0.1090738432,25,-2.82516454,0.0091521934,0.05,-0.532793339,-0.083509769
NL,0.001884987,4,891,15.5,-5.848235014,1,20,-0.308151554,0.1090738432,25,-2.82516454,0.0091521934,0.05,-0.532793339,-0.083509769
NL,0.000397972,4,901,16.5,-6.572732419,2,20,-0.308151554,0.1090738432,25,-2.82516454,0.0091521934,0.05,-0.532793339,-0.083509769
NL,0.000316266,2,810,17.5,-6.632956694,3,20,-0.308151554,0.1090738432,25,-2.82516454,0.0091521934,0.05,-0.532793339,-0.083509769
NL,0.000590935,1,807,18.5,-6.44343339,4,20,-0.308151554,0.1090738432,25,-2.82516454,0.0091521934,0.05,-0.532793339,-0.083509769
NL,0.000530934,1,903,19.5,-6.48187727,5,20,-0.308151554,0.1090738432,25,-2.82516454,0.0091521934,0.05,-0.532793339,-0.083509769
NL,0.00095755,1,911,20.5,-6.236061856,6,20,-0.308151554,0.1090738432,25,-2.82516454,0.0091521934,0.05,-0.532793339,-0.083509769
NO,0.00033,7,738,14.5,-6.622576337,0,21,-0.599528595,0.1787703457,25,-3.353624412,0.0025438694,0.05,-0.967713014,-0.231344176
NO,0.000301346,4,870,15.5,-6.644355847,1,21,-0.599528595,0.1787703457,25,-3.353624412,0.0025438694,0.05,-0.967713014,-0.231344176
NO,0.000303184,0,937,16.5,-6.642945155,2,21,-0.599528595,0.1787703457,25,-3.353624412,0.0025438694,0.05,-0.967713014,-0.231344176
NO,0.00028785,0,1014,17.5,-6.654781428,3,21,-0.599528595,0.1787703457,25,-3.353624412,0.0025438694,0.05,-0.967713014,-0.231344176
NO,0.000242119,0,1013,18.5,-6.690936775,4,21,-0.599528595,0.1787703457,25,-3.353624412,0.0025438694,0.05,-0.967713014,-0.231344176
NO,0.000218976,0,966,19.5,-6.7097439,5,21,-0.599528595,0.1787703457,25,-3.353624412,0.0025438694,0.05,-0.967713014,-0.231344176
NO,0.000215265,0,973,20.5,-6.71279322,6,21,-0.599528595,0.1787703457,25,-3.353624412,0.0025438694,0.05,-0.967713014,-0.231344176
PL,0.15504,17,519,14.5,-1.857642894,0,22,-0.132739661,0.0536921015,25,-2.472238142,0.0205841731,0.05,-0.243320614,-0.022158708
PL,0.14848368,18,514,15.5,-1.900568054,1,22,-0.132739661,0.0536921015,25,-2.472238142,0.0205841731,0.05,-0.243320614,-0.022158708
PL,0.197417047,13,557,16.5,-1.617384164,2,22,-0.132739661,0.0536921015,25,-2.472238142,0.0205841731,0.05,-0.243320614,-0.022158708
PL,0.260253557,12,578,17.5,-1.34226386,3,22,-0.132739661,0.0536921015,25,-2.472238142,0.0205841731,0.05,-0.243320614,-0.022158708
PL,0.34220906,8,540,18.5,-1.069415514,4,22,-0.132739661,0.0536921015,25,-2.472238142,0.0205841731,0.05,-0.243320614,-0.022158708
PL,0.393741406,8,532,19.5,-0.929524398,5,22,-0.132739661,0.0536921015,25,-2.472238142,0.0205841731,0.05,-0.243320614,-0.022158708
PL,0.385220183,12,569,20.5,-0.95134765,6,22,-0.132739661,0.0536921015,25,-2.472238142,0.0205841731,0.05,-0.243320614,-0.022158708
PT,0.43552,41,802,14.5,-0.828921086,0,23,-0.042283046,0.0364221325,25,-1.160916259,0.2566415537,0.05,-0.117295832,0.0327297402
PT,0.452127767,40,748,15.5,-0.791581148,1,23,-0.042283046,0.0364221325,25,-1.160916259,0.2566415537,0.05,-0.117295832,0.0327297402
PT,0.508119114,29,655,16.5,-0.675073274,2,23,-0.042283046,0.0364221325,25,-1.160916259,0.2566415537,0.05,-0.117295832,0.0327297402
PT,0.456919833,22,616,17.5,-0.781061148,3,23,-0.042283046,0.0364221325,25,-1.160916259,0.2566415537,0.05,-0.117295832,0.0327297402
PT,0.323065312,28,623,18.5,-1.126810204,4,23,-0.042283046,0.0364221325,25,-1.160916259,0.2566415537,0.05,-0.117295832,0.0327297402
PT,0.333623818,27,628,19.5,-1.094748309,5,23,-0.042283046,0.0364221325,25,-1.160916259,0.2566415537,0.05,-0.117295832,0.0327297402
PT,0.353923215,18,406,20.5,-1.035853809,6,23,-0.042283046,0.0364221325,25,-1.160916259,0.2566415537,0.05,-0.117295832,0.0327297402
RO,0.059090277,33,1269,15.5,-2.81190723,1,24,0.117604665,0.0465934095,25,2.5240622302,0.0183239247,0.05,0.0216437419,0.2135655881
RO,0.11990979,30,1040,16.5,-2.112710551,2,24,0.117604665,0.0465934095,25,2.5240622302,0.0183239247,0.05,0.0216437419,0.2135655881
RO,0.17314806,13,358,17.5,-1.747849423,3,24,0.117604665,0.0465934095,25,2.5240622302,0.0183239247,0.05,0.0216437419,0.2135655881
RO,0.144881234,19,358,18.5,-1.924962454,4,24,0.117604665,0.0465934095,25,2.5240622302,0.0183239247,0.05,0.0216437419,0.2135655881
RO,0.14406371,18,369,19.5,-1.930582257,5,24,0.117604665,0.0465934095,25,2.5240622302,0.0183239247,0.05,0.0216437419,0.2135655881
RO,0.170153554,21,497,20.5,-1.765194148,6,24,0.117604665,0.0465934095,25,2.5240622302,0.0183239247,0.05,0.0216437419,0.2135655881
SE,0.00282,4,530,14.5,-5.567504856,0,25,-0.292954854,0.1224180642,25,-2.39306883,0.0245385561,0.05,-0.545079577,-0.040830131
SE,0.002991857,6,534,15.5,-5.523498687,1,25,-0.292954854,0.1224180642,25,-2.39306883,0.0245385561,0.05,-0.545079577,-0.040830131
SE,0.003183849,2,400,16.5,-5.476523666,2,25,-0.292954854,0.1224180642,25,-2.39306883,0.0245385561,0.05,-0.545079577,-0.040830131
SE,0.002709905,1,384,17.5,-5.596748972,3,25,-0.292954854,0.1224180642,25,-2.39306883,0.0245385561,0.05,-0.545079577,-0.040830131
SE,0.001458155,1,418,18.5,-6.008344053,4,25,-0.292954854,0.1224180642,25,-2.39306883,0.0245385561,0.05,-0.545079577,-0.040830131
SE,0.001679075,0,390,19.5,-5.922283688,5,25,-0.292954854,0.1224180642,25,-2.39306883,0.0245385561,0.05,-0.545079577,-0.040830131
SE,0.002507442,1,409,20.5,-5.652868217,6,25,-0.292954854,0.1224180642,25,-2.39306883,0.0245385561,0.05,-0.545079577,-0.040830131
SI,0.15628,10,170,14.5,-1.849727623,0,26,-0.257393437,0.0854907818,25,-3.010774163,0.0058837904,0.05,-0.433464998,-0.081321876
SI,0.165157453,7,170,15.5,-1.794819428,1,26,-0.257393437,0.0854907818,25,-3.010774163,0.0058837904,0.05,-0.433464998,-0.081321876
SI,0.163440541,9,170,16.5,-1.805206227,2,26,-0.257393437,0.0854907818,25,-3.010774163,0.0058837904,0.05,-0.433464998,-0.081321876
SI,0.184479782,2,170,17.5,-1.684809394,3,26,-0.257393437,0.0854907818,25,-3.010774163,0.0058837904,0.05,-0.433464998,-0.081321876
SI,0.219165284,2,170,18.5,-1.513376723,4,26,-0.257393437,0.0854907818,25,-3.010774163,0.0058837904,0.05,-0.433464998,-0.081321876
SI,0.228950729,3,170,19.5,-1.469890216,5,26,-0.257393437,0.0854907818,25,-3.010774163,0.0058837904,0.05,-0.433464998,-0.081321876
SI,0.212361312,3,170,20.5,-1.54476825,6,26,-0.257393437,0.0854907818,25,-3.010774163,0.0058837904,0.05,-0.433464998,-0.081321876
SK,0.39903,10,171,14.5,-0.916215735,0,27,-0.64425203,0.1991082046,25,-3.235688008,0.0034043103,0.05,-1.054323053,-0.234181006
SK,0.351861321,0,170,15.5,-1.041680157,1,27,-0.64425203,0.1991082046,25,-3.235688008,0.0034043103,0.05,-1.054323053,-0.234181006
SK,0.384361831,0,170,16.5,-0.953572564,2,27,-0.64425203,0.1991082046,25,-3.235688008,0.0034043103,0.05,-1.054323053,-0.234181006
SK,0.42322786,0,170,17.5,-0.857484562,3,27,-0.64425203,0.1991082046,25,-3.235688008,0.0034043103,0.05,-1.054323053,-0.234181006
SK,0.43133159,0,170,18.5,-0.838562417,4,27,-0.64425203,0.1991082046,25,-3.235688008,0.0034043103,0.05,-1.054323053,-0.234181006
SK,0.462426821,0,169,19.5,-0.769106789,5,27,-0.64425203,0.1991082046,25,-3.235688008,0.0034043103,0.05,-1.054323053,-0.234181006
SK,0.503438079,0,169,20.5,-0.684310185,6,27,-0.64425203,0.1991082046,25,-3.235688008,0.0034043103,0.05,-1.054323053,-0.234181006
